transaction_id,amount,hour,merchant_risk,distance_from_home,previous_txn_count_24h,foreign_transaction,card_present,is_fraud
TXN-00001,73.21,3,0.282,0.2,2,0,1,1
TXN-00002,99.24,8,0.152,17.3,3,0,1,0
TXN-00003,64.3,22,0.096,9.7,4,0,1,0
TXN-00004,57.58,22,0.477,16.0,3,0,1,0
TXN-00005,107.77,9,0.311,4.8,1,1,1,0
TXN-00006,61.37,12,0.199,9.7,2,0,1,0
TXN-00007,82.11,23,0.213,38.2,5,0,1,1
TXN-00008,76.63,5,0.193,17.3,4,0,1,1
TXN-00009,107.71,22,0.217,29.9,1,0,1,0
TXN-00010,50.37,2,0.132,12.6,4,0,0,0
TXN-00011,132.85,5,0.485,2.5,1,1,0,1
TXN-00012,41.04,8,0.275,0.0,0,1,0,1
TXN-00013,85.84,0,0.161,12.3,3,1,0,1
TXN-00014,79.04,19,0.214,15.0,3,0,1,0
TXN-00015,38.11,20,0.176,6.8,1,0,0,0
TXN-00016,90.83,9,0.099,14.3,0,0,1,0
TXN-00017,53.33,20,0.38,27.6,2,0,0,0
TXN-00018,28.45,18,0.028,10.2,2,0,0,0
TXN-00019,98.77,19,0.101,22.5,1,0,0,0
TXN-00020,19.8,19,0.38,56.0,3,0,1,0
TXN-00021,33.13,13,0.39,31.7,2,1,1,0
TXN-00022,63.77,2,0.169,8.9,2,0,1,0
TXN-00023,107.23,22,0.103,4.7,4,0,1,0
TXN-00024,94.7,14,0.099,14.5,2,0,0,0
TXN-00025,72.4,21,0.197,35.9,3,0,1,0
TXN-00026,14.16,23,0.074,20.0,0,0,1,0
TXN-00027,39.56,4,0.247,48.6,0,0,1,0
TXN-00028,46.76,9,0.273,51.4,2,0,1,0
TXN-00029,27.31,4,0.19,12.0,3,0,1,0
TXN-00030,10.55,1,0.242,27.5,2,0,1,0
TXN-00031,66.0,23,0.301,12.1,1,0,1,0
TXN-00032,96.73,22,0.191,0.0,0,0,0,0
TXN-00033,43.95,22,0.208,101.0,2,0,0,0
TXN-00034,106.32,21,0.562,16.3,3,0,0,0
TXN-00035,17.59,15,0.256,11.8,0,0,1,0
TXN-00036,25.87,12,0.303,1.6,3,0,1,0
TXN-00037,65.01,23,0.236,5.4,4,0,1,0
TXN-00038,41.08,13,0.212,5.8,0,0,1,0
TXN-00039,91.41,15,0.224,22.2,1,0,1,0
TXN-00040,81.5,5,0.292,38.2,3,0,1,1
TXN-00041,43.42,17,0.061,1.4,5,1,0,1
TXN-00042,19.27,19,0.358,18.3,3,0,1,0
TXN-00043,39.59,16,0.198,1.7,2,0,0,0
TXN-00044,82.86,11,0.045,7.4,1,1,1,0
TXN-00045,93.86,4,0.083,93.7,3,0,1,0
TXN-00046,41.22,0,0.087,18.0,3,0,0,0
TXN-00047,10.48,15,0.054,12.6,0,1,0,0
TXN-00048,16.66,16,0.2,39.5,3,0,0,1
TXN-00049,78.33,18,0.269,21.9,5,0,0,1
TXN-00050,42.86,22,0.144,5.3,3,0,1,1
TXN-00051,43.67,11,0.139,14.9,3,0,0,0
TXN-00052,25.5,19,0.077,15.4,3,0,0,0
TXN-00053,25.08,17,0.282,15.6,3,0,1,0
TXN-00054,105.14,6,0.376,7.3,4,0,1,0
TXN-00055,80.25,20,0.135,19.5,0,0,1,0
TXN-00056,35.39,1,0.12,10.2,1,1,0,0
TXN-00057,61.65,14,0.328,45.1,2,0,0,1
TXN-00058,69.49,22,0.22,5.7,3,0,0,0
TXN-00059,164.77,15,0.11,20.1,1,1,1,1
TXN-00060,23.23,22,0.211,19.2,3,0,1,0
TXN-00061,68.85,1,0.06,8.4,2,0,1,0
TXN-00062,104.79,12,0.145,3.7,3,0,1,0
TXN-00063,152.58,18,0.153,1.6,2,0,1,0
TXN-00064,33.94,15,0.231,18.3,1,0,1,0
TXN-00065,42.43,21,0.38,9.8,2,0,1,0
TXN-00066,92.0,11,0.253,11.4,3,0,1,1
TXN-00067,13.92,16,0.182,9.0,1,0,0,0
TXN-00068,73.68,10,0.187,2.5,3,0,1,0
TXN-00069,203.06,20,0.12,11.0,1,0,1,0
TXN-00070,79.13,2,0.293,0.3,2,0,1,0
TXN-00071,5.3,6,0.444,8.3,2,0,0,0
TXN-00072,28.77,2,0.2,13.1,1,0,0,0
TXN-00073,34.82,16,0.286,42.6,0,0,1,0
TXN-00074,120.97,5,0.121,2.5,0,0,0,0
TXN-00075,51.46,7,0.288,16.2,4,0,1,0
TXN-00076,10.67,20,0.33,7.8,5,0,1,0
TXN-00077,55.94,8,0.274,29.3,2,0,1,0
TXN-00078,64.42,3,0.375,4.8,6,0,1,1
TXN-00079,38.56,0,0.328,9.5,1,0,1,0
TXN-00080,24.69,5,0.28,22.5,0,0,1,0
TXN-00081,217.04,21,0.225,7.4,3,0,1,1
TXN-00082,105.01,13,0.222,28.5,1,0,1,0
TXN-00083,111.36,23,0.142,1.2,3,0,1,1
TXN-00084,51.54,5,0.035,5.1,1,0,1,1
TXN-00085,33.47,8,0.322,0.4,2,0,1,0
TXN-00086,40.1,3,0.294,23.5,2,0,1,0
TXN-00087,17.55,9,0.321,9.3,2,0,1,0
TXN-00088,162.73,13,0.004,15.7,1,0,1,1
TXN-00089,53.14,19,0.093,1.6,1,0,1,0
TXN-00090,139.48,8,0.197,15.2,1,0,1,0
TXN-00091,41.67,18,0.186,5.7,2,0,1,0
TXN-00092,79.93,15,0.278,19.0,2,0,1,0
TXN-00093,67.01,7,0.164,6.3,4,0,1,0
TXN-00094,15.78,21,0.088,8.6,3,0,1,0
TXN-00095,176.02,10,0.457,9.3,4,0,1,0
TXN-00096,42.68,3,0.324,100.5,2,0,1,0
TXN-00097,21.25,23,0.116,35.5,1,0,0,0
TXN-00098,92.5,21,0.356,0.3,1,0,1,0
TXN-00099,58.1,1,0.31,7.4,1,0,1,0
TXN-00100,74.95,21,0.042,39.1,1,0,1,0
TXN-00101,62.52,22,0.134,15.5,2,0,0,0
TXN-00102,6.08,19,0.128,23.1,2,0,1,0
TXN-00103,27.93,6,0.305,4.4,0,0,0,0
TXN-00104,26.97,15,0.206,1.7,3,0,1,1
TXN-00105,110.28,12,0.146,5.3,1,0,1,0
TXN-00106,59.73,14,0.147,57.2,1,0,1,0
TXN-00107,83.31,14,0.246,14.8,3,0,0,1
TXN-00108,44.74,15,0.139,9.7,1,1,0,0
TXN-00109,86.18,12,0.457,17.9,1,0,0,0
TXN-00110,51.63,16,0.386,20.4,0,0,1,0
TXN-00111,48.79,12,0.24,20.5,1,0,0,0
TXN-00112,66.68,0,0.335,7.4,3,0,1,1
TXN-00113,62.52,0,0.246,88.8,2,0,1,0
TXN-00114,262.04,22,0.321,4.5,1,0,1,1
TXN-00115,27.65,21,0.18,37.5,0,0,0,0
TXN-00116,14.05,14,0.555,9.9,4,0,1,0
TXN-00117,73.79,4,0.479,15.6,3,0,1,0
TXN-00118,31.2,18,0.015,17.7,1,1,1,0
TXN-00119,5.16,3,0.104,3.2,1,0,1,0
TXN-00120,22.29,9,0.26,5.9,4,1,1,0
TXN-00121,226.13,7,0.309,19.2,3,0,0,1
TXN-00122,27.01,0,0.107,30.5,0,0,1,0
TXN-00123,9.5,19,0.353,15.8,1,0,1,0
TXN-00124,217.13,12,0.14,43.7,0,0,1,1
TXN-00125,21.48,7,0.233,10.7,2,0,1,0
TXN-00126,312.68,12,0.235,8.4,5,1,1,1
TXN-00127,43.23,0,0.114,31.5,5,0,1,0
TXN-00128,176.5,10,0.257,0.8,2,0,1,0
TXN-00129,47.94,12,0.132,30.4,3,1,1,1
TXN-00130,80.27,8,0.087,5.3,1,0,0,0
TXN-00131,52.49,19,0.031,17.4,1,0,1,0
TXN-00132,48.22,5,0.334,0.3,3,0,1,0
TXN-00133,69.47,3,0.259,7.1,1,0,0,0
TXN-00134,82.34,12,0.233,51.6,2,0,1,0
TXN-00135,65.64,21,0.103,21.5,4,0,0,1
TXN-00136,60.77,9,0.149,6.0,2,0,0,0
TXN-00137,31.43,1,0.266,3.6,3,0,0,0
TXN-00138,54.05,23,0.145,9.2,8,0,1,0
TXN-00139,162.22,10,0.414,4.3,1,1,0,1
TXN-00140,30.2,4,0.324,38.8,3,0,1,0
TXN-00141,70.95,14,0.215,18.7,1,0,1,0
TXN-00142,130.4,7,0.25,18.3,2,0,0,0
TXN-00143,82.83,22,0.337,41.2,0,0,1,1
TXN-00144,111.08,7,0.479,17.9,2,0,0,0
TXN-00145,21.17,13,0.451,90.8,1,0,1,0
TXN-00146,71.08,13,0.089,8.0,2,0,1,1
TXN-00147,46.1,5,0.131,17.0,2,0,1,0
TXN-00148,47.67,11,0.086,4.9,1,0,0,0
TXN-00149,153.28,2,0.326,14.1,1,0,1,0
TXN-00150,48.27,15,0.4,10.2,0,0,0,1
TXN-00151,72.76,18,0.134,3.5,2,0,1,0
TXN-00152,9.52,22,0.168,5.7,0,0,0,0
TXN-00153,176.37,7,0.132,8.0,5,0,1,1
TXN-00154,106.72,6,0.091,12.8,2,0,0,0
TXN-00155,55.61,13,0.564,21.8,1,0,1,0
TXN-00156,44.49,16,0.204,7.5,0,0,1,0
TXN-00157,88.82,23,0.281,4.6,1,0,0,1
TXN-00158,129.35,0,0.519,35.6,3,0,1,0
TXN-00159,177.94,5,0.487,50.0,2,0,1,1
TXN-00160,104.31,6,0.065,10.9,3,0,0,0
TXN-00161,61.39,6,0.191,10.9,2,0,0,0
TXN-00162,115.45,11,0.268,1.1,0,0,0,0
TXN-00163,101.31,20,0.455,5.7,1,1,0,0
TXN-00164,61.57,0,0.23,5.1,1,0,0,0
TXN-00165,99.26,19,0.076,15.1,2,0,1,0
TXN-00166,97.98,14,0.186,2.5,6,0,1,0
TXN-00167,55.36,14,0.016,7.2,0,0,0,0
TXN-00168,37.91,16,0.273,23.2,3,0,1,0
TXN-00169,92.14,2,0.31,20.2,3,0,1,0
TXN-00170,23.47,17,0.206,6.4,0,0,1,0
TXN-00171,18.82,5,0.388,2.6,2,0,1,0
TXN-00172,73.6,12,0.09,7.0,2,0,0,0
TXN-00173,90.39,16,0.269,12.8,1,0,1,0
TXN-00174,73.2,14,0.136,13.9,2,0,0,0
TXN-00175,79.1,7,0.143,1.7,3,0,0,1
TXN-00176,89.31,9,0.135,8.4,1,0,1,0
TXN-00177,153.67,11,0.275,33.5,0,0,1,1
TXN-00178,105.56,0,0.237,52.2,3,0,1,0
TXN-00179,103.37,17,0.227,53.4,2,0,1,1
TXN-00180,69.5,2,0.331,1.5,2,0,1,0
TXN-00181,71.42,11,0.188,47.4,1,0,1,1
TXN-00182,51.92,15,0.18,28.6,2,0,0,0
TXN-00183,77.43,1,0.453,18.8,0,0,1,0
TXN-00184,22.39,23,0.093,11.9,0,0,1,0
TXN-00185,154.14,9,0.118,5.0,1,0,1,0
TXN-00186,28.51,0,0.435,16.1,0,0,0,0
TXN-00187,105.41,15,0.343,2.3,1,0,1,1
TXN-00188,141.34,13,0.161,1.1,1,0,1,0
TXN-00189,105.24,15,0.134,45.3,3,0,0,0
TXN-00190,239.38,18,0.145,5.0,2,0,1,1
TXN-00191,6.56,11,0.362,41.9,2,0,1,0
TXN-00192,40.0,19,0.187,3.2,2,0,1,0
TXN-00193,139.77,8,0.104,5.4,2,0,0,0
TXN-00194,18.09,13,0.328,3.7,0,0,0,0
TXN-00195,29.31,3,0.093,9.8,5,0,1,0
TXN-00196,85.37,14,0.164,35.0,1,0,0,0
TXN-00197,60.82,6,0.377,42.4,3,0,0,1
TXN-00198,81.65,16,0.246,12.0,2,0,0,0
TXN-00199,64.81,19,0.52,20.0,2,0,0,0
TXN-00200,69.32,20,0.195,1.8,1,0,0,1
TXN-00201,31.93,22,0.177,1.7,3,0,1,0
TXN-00202,67.68,2,0.153,29.9,1,0,1,0
TXN-00203,42.29,3,0.327,9.4,1,0,0,1
TXN-00204,47.13,22,0.213,25.5,2,0,1,0
TXN-00205,104.42,9,0.294,9.7,0,0,1,0
TXN-00206,17.17,0,0.102,13.9,2,0,0,0
TXN-00207,3.66,6,0.341,17.5,1,0,0,0
TXN-00208,99.17,20,0.258,11.0,0,0,0,0
TXN-00209,67.73,8,0.232,9.1,3,0,0,0
TXN-00210,141.24,1,0.145,9.0,1,0,1,1
TXN-00211,30.02,17,0.405,2.6,0,0,0,0
TXN-00212,54.01,4,0.303,21.8,1,0,0,0
TXN-00213,62.6,8,0.23,3.0,1,0,1,0
TXN-00214,35.39,0,0.067,4.2,1,0,1,0
TXN-00215,26.7,14,0.239,9.8,1,0,0,1
TXN-00216,102.7,10,0.223,9.9,2,0,1,0
TXN-00217,15.52,20,0.137,8.6,1,1,1,0
TXN-00218,22.82,8,0.159,31.4,2,0,1,0
TXN-00219,52.61,4,0.36,6.4,1,0,1,0
TXN-00220,111.14,3,0.193,37.6,0,0,1,0
TXN-00221,37.38,4,0.09,16.0,2,0,0,0
TXN-00222,33.48,10,0.199,14.7,3,0,1,0
TXN-00223,50.19,2,0.084,17.1,3,0,0,0
TXN-00224,76.26,9,0.156,4.2,6,0,1,0
TXN-00225,44.18,20,0.653,16.6,1,0,1,0
TXN-00226,121.06,18,0.211,29.7,4,0,1,0
TXN-00227,124.58,15,0.275,20.3,3,0,0,1
TXN-00228,52.61,21,0.225,1.7,3,0,0,0
TXN-00229,198.35,18,0.079,8.6,2,0,1,0
TXN-00230,61.52,15,0.223,0.5,0,0,0,0
TXN-00231,121.73,20,0.197,8.0,2,0,1,1
TXN-00232,74.71,2,0.427,2.8,1,0,1,0
TXN-00233,73.7,19,0.157,11.1,0,0,0,0
TXN-00234,11.95,7,0.379,0.6,2,0,1,0
TXN-00235,21.01,17,0.121,49.1,2,0,0,0
TXN-00236,46.06,21,0.258,7.1,2,0,1,0
TXN-00237,123.94,11,0.084,26.0,2,0,0,1
TXN-00238,75.5,2,0.286,4.5,3,0,1,0
TXN-00239,46.4,8,0.116,22.9,2,0,1,0
TXN-00240,91.02,9,0.046,7.7,1,0,1,0
TXN-00241,120.82,22,0.112,17.3,2,1,0,1
TXN-00242,58.62,22,0.272,49.4,1,0,1,0
TXN-00243,69.0,13,0.206,19.6,4,0,1,1
TXN-00244,62.57,22,0.055,2.6,1,1,1,0
TXN-00245,55.81,10,0.258,40.4,2,1,1,0
TXN-00246,29.73,9,0.211,23.8,1,0,1,0
TXN-00247,27.7,20,0.116,35.3,1,0,0,0
TXN-00248,90.62,16,0.156,41.0,0,0,1,0
TXN-00249,122.4,12,0.214,5.5,2,1,1,1
TXN-00250,46.33,10,0.202,7.2,2,0,1,0
TXN-00251,45.47,16,0.143,25.8,3,0,1,0
TXN-00252,8.54,18,0.152,1.0,2,0,1,0
TXN-00253,6.7,11,0.09,6.8,0,1,1,0
TXN-00254,144.21,0,0.134,7.8,1,0,1,0
TXN-00255,31.49,2,0.06,36.3,6,0,0,0
TXN-00256,250.29,3,0.06,51.3,1,0,1,1
TXN-00257,36.53,11,0.118,2.9,1,0,1,0
TXN-00258,12.41,14,0.266,12.4,1,0,1,0
TXN-00259,62.94,19,0.19,23.6,2,0,0,0
TXN-00260,101.86,5,0.286,7.5,2,0,0,1
TXN-00261,94.04,18,0.216,13.7,2,0,1,0
TXN-00262,109.03,15,0.258,4.7,1,0,1,0
TXN-00263,24.56,1,0.118,26.2,2,0,1,0
TXN-00264,141.9,8,0.112,25.6,2,0,0,0
TXN-00265,147.53,7,0.183,10.1,0,0,1,0
TXN-00266,151.87,21,0.217,7.7,2,1,1,1
TXN-00267,70.8,22,0.108,5.6,2,0,1,0
TXN-00268,43.47,19,0.154,1.3,1,1,1,0
TXN-00269,40.32,12,0.128,14.6,1,0,1,0
TXN-00270,12.33,11,0.578,37.4,2,0,1,0
TXN-00271,37.22,7,0.233,2.3,2,0,0,0
TXN-00272,3.25,18,0.218,9.5,4,0,0,0
TXN-00273,10.5,2,0.128,38.4,6,0,1,0
TXN-00274,70.25,6,0.008,30.3,3,0,1,0
TXN-00275,47.62,3,0.327,23.3,2,0,0,0
TXN-00276,68.01,11,0.076,0.3,2,0,0,0
TXN-00277,96.46,7,0.151,20.2,0,0,0,0
TXN-00278,77.52,4,0.072,6.4,3,0,0,1
TXN-00279,72.78,9,0.353,25.8,0,0,1,0
TXN-00280,54.49,20,0.306,4.5,4,0,1,0
TXN-00281,30.48,13,0.056,0.1,1,0,1,0
TXN-00282,18.24,19,0.097,12.6,4,0,1,0
TXN-00283,38.06,21,0.197,6.1,0,0,1,0
TXN-00284,55.2,21,0.018,15.8,3,1,1,0
TXN-00285,60.67,8,0.025,5.9,1,0,1,0
TXN-00286,109.19,21,0.131,26.9,1,0,1,0
TXN-00287,51.41,21,0.339,12.4,3,0,0,0
TXN-00288,86.79,23,0.112,5.3,0,0,1,0
TXN-00289,14.32,8,0.324,22.7,5,0,1,0
TXN-00290,70.99,5,0.223,42.9,2,0,1,1
TXN-00291,67.34,14,0.139,41.0,1,0,1,0
TXN-00292,141.93,22,0.307,68.5,2,0,1,0
TXN-00293,47.65,21,0.107,21.2,2,0,1,0
TXN-00294,46.04,13,0.278,17.1,5,0,1,1
TXN-00295,96.93,3,0.407,1.4,3,0,0,1
TXN-00296,19.68,10,0.126,4.6,1,0,1,0
TXN-00297,69.63,17,0.041,6.5,2,0,1,0
TXN-00298,18.7,13,0.014,13.9,3,0,0,0
TXN-00299,185.39,8,0.128,31.1,1,0,1,0
TXN-00300,41.2,8,0.144,11.0,1,0,0,0
TXN-00301,17.48,1,0.181,5.2,0,0,1,0
TXN-00302,37.83,6,0.236,9.0,1,0,1,0
TXN-00303,69.95,16,0.199,0.7,0,0,1,0
TXN-00304,84.86,5,0.107,5.5,1,0,1,0
TXN-00305,136.95,23,0.085,0.8,2,0,0,0
TXN-00306,34.04,1,0.064,13.1,3,0,1,1
TXN-00307,100.04,14,0.231,47.2,3,0,1,0
TXN-00308,10.51,11,0.29,9.8,0,0,1,1
TXN-00309,22.97,19,0.082,25.3,2,0,0,0
TXN-00310,14.75,21,0.275,21.0,2,0,1,0
TXN-00311,28.95,13,0.144,17.4,0,0,1,0
TXN-00312,96.9,15,0.213,32.4,2,0,0,1
TXN-00313,34.76,16,0.375,15.2,1,0,1,0
TXN-00314,40.6,12,0.182,17.6,1,0,1,0
TXN-00315,71.35,4,0.076,7.5,2,0,1,0
TXN-00316,82.32,10,0.061,24.5,2,0,1,0
TXN-00317,41.64,5,0.201,3.8,2,0,0,1
TXN-00318,22.82,11,0.1,22.5,0,0,1,0
TXN-00319,165.6,14,0.341,69.2,4,0,0,1
TXN-00320,41.87,5,0.125,5.4,3,0,1,0
TXN-00321,45.4,5,0.199,24.4,2,0,1,0
TXN-00322,50.17,19,0.227,25.4,2,1,1,0
TXN-00323,88.63,9,0.468,1.3,2,0,1,0
TXN-00324,13.51,4,0.118,20.2,0,0,1,0
TXN-00325,208.93,17,0.211,12.9,0,0,1,0
TXN-00326,44.38,17,0.239,11.4,0,0,1,0
TXN-00327,90.78,19,0.163,37.5,2,0,0,0
TXN-00328,17.69,18,0.126,6.9,2,1,1,0
TXN-00329,66.08,23,0.078,69.3,2,1,1,1
TXN-00330,188.0,13,0.293,12.8,1,0,1,1
TXN-00331,170.81,6,0.318,1.4,5,0,1,1
TXN-00332,89.1,20,0.264,1.7,3,0,1,0
TXN-00333,27.22,6,0.39,31.0,1,0,0,0
TXN-00334,132.06,6,0.227,26.1,1,0,1,0
TXN-00335,10.42,19,0.089,21.6,1,0,1,0
TXN-00336,26.32,21,0.171,1.6,4,0,1,1
TXN-00337,54.72,8,0.068,18.2,0,0,1,0
TXN-00338,11.55,17,0.131,99.5,6,0,1,1
TXN-00339,37.76,22,0.334,25.8,1,0,1,0
TXN-00340,101.47,19,0.268,5.2,0,1,1,0
TXN-00341,31.66,0,0.079,26.9,3,0,1,0
TXN-00342,104.84,15,0.469,1.3,2,0,0,0
TXN-00343,245.8,4,0.08,6.6,2,0,1,1
TXN-00344,77.66,20,0.213,42.9,1,0,1,1
TXN-00345,103.57,1,0.288,27.9,0,0,1,0
TXN-00346,135.14,23,0.31,27.0,1,0,1,0
TXN-00347,40.79,4,0.077,19.0,2,0,1,0
TXN-00348,101.86,10,0.093,36.5,1,0,1,0
TXN-00349,39.96,5,0.126,6.2,6,0,1,1
TXN-00350,73.71,19,0.141,49.7,3,0,1,0
TXN-00351,112.79,9,0.327,27.9,2,1,1,0
TXN-00352,28.38,17,0.123,1.6,1,0,0,0
TXN-00353,3.76,1,0.178,30.2,2,0,0,0
TXN-00354,25.98,10,0.088,15.1,2,0,0,0
TXN-00355,124.46,21,0.235,14.7,3,0,1,0
TXN-00356,23.05,22,0.164,30.7,0,0,0,0
TXN-00357,119.74,5,0.173,8.0,2,0,1,0
TXN-00358,26.1,9,0.398,1.4,5,0,1,0
TXN-00359,48.88,9,0.032,58.3,3,0,0,0
TXN-00360,57.72,13,0.085,58.3,0,0,0,0
TXN-00361,22.95,12,0.217,26.9,3,0,1,0
TXN-00362,49.32,2,0.128,27.8,0,0,0,0
TXN-00363,12.37,18,0.157,29.1,3,0,1,0
TXN-00364,43.87,5,0.235,88.7,3,0,1,1
TXN-00365,54.09,7,0.295,1.6,4,0,1,0
TXN-00366,4.05,20,0.143,0.9,1,0,1,0
TXN-00367,25.78,16,0.277,5.7,0,0,0,0
TXN-00368,72.06,9,0.123,16.3,5,0,1,1
TXN-00369,20.49,21,0.181,25.9,4,0,1,0
TXN-00370,81.0,9,0.184,13.2,1,0,0,0
TXN-00371,86.81,13,0.219,20.1,1,0,0,0
TXN-00372,71.83,5,0.159,10.8,1,0,0,0
TXN-00373,101.01,4,0.026,11.6,2,0,0,0
TXN-00374,11.48,11,0.281,8.3,2,0,0,0
TXN-00375,116.31,13,0.518,16.8,2,1,1,1
TXN-00376,23.3,19,0.292,2.4,5,0,1,1
TXN-00377,62.92,9,0.085,1.5,4,0,0,0
TXN-00378,183.09,21,0.321,12.5,2,0,1,1
TXN-00379,43.1,14,0.278,7.9,3,0,1,0
TXN-00380,58.85,1,0.304,7.9,4,0,1,0
TXN-00381,23.44,17,0.148,41.7,2,0,1,1
TXN-00382,181.89,13,0.372,99.4,1,0,1,1
TXN-00383,25.83,9,0.226,17.3,2,0,0,0
TXN-00384,92.27,11,0.269,3.1,2,1,1,0
TXN-00385,134.98,7,0.095,27.6,0,0,1,0
TXN-00386,98.57,14,0.157,14.7,0,1,1,0
TXN-00387,75.13,13,0.396,25.6,3,0,1,0
TXN-00388,62.19,10,0.404,18.1,1,0,1,0
TXN-00389,17.51,6,0.256,2.1,0,0,1,0
TXN-00390,176.52,9,0.208,19.1,2,0,1,1
TXN-00391,70.64,11,0.002,18.6,3,0,1,0
TXN-00392,58.88,11,0.105,65.3,1,0,1,0
TXN-00393,21.56,7,0.177,43.1,1,0,1,0
TXN-00394,61.1,13,0.121,78.3,4,0,1,1
TXN-00395,56.05,5,0.151,51.4,0,0,1,0
TXN-00396,183.09,12,0.14,2.2,4,1,1,1
TXN-00397,58.85,2,0.045,1.2,2,0,1,0
TXN-00398,60.35,11,0.435,37.6,2,0,0,0
TXN-00399,21.82,18,0.192,27.4,2,0,0,0
TXN-00400,30.7,19,0.142,1.7,0,0,1,0
TXN-00401,84.62,16,0.174,2.6,0,0,1,0
TXN-00402,9.12,17,0.154,22.8,3,0,1,0
TXN-00403,115.88,1,0.081,10.7,0,0,1,0
TXN-00404,118.05,8,0.073,24.5,0,0,1,0
TXN-00405,27.88,15,0.075,7.7,1,0,1,0
TXN-00406,75.33,19,0.151,5.2,1,0,1,0
TXN-00407,137.98,13,0.199,58.9,2,0,0,0
TXN-00408,52.56,20,0.162,7.1,0,0,0,0
TXN-00409,45.07,6,0.122,43.2,3,0,0,0
TXN-00410,49.67,3,0.111,7.0,2,0,0,0
TXN-00411,70.52,2,0.131,0.1,2,0,1,0
TXN-00412,34.31,13,0.141,0.2,3,0,1,0
TXN-00413,41.99,15,0.126,12.7,3,0,1,0
TXN-00414,71.57,6,0.152,21.7,0,0,1,0
TXN-00415,39.18,18,0.281,1.9,1,0,1,0
TXN-00416,20.0,17,0.198,8.6,0,0,1,0
TXN-00417,8.17,8,0.257,10.1,1,0,1,0
TXN-00418,59.74,5,0.116,9.9,3,0,0,0
TXN-00419,132.19,17,0.252,28.2,2,0,1,0
TXN-00420,78.11,16,0.328,8.8,4,0,1,0
TXN-00421,20.77,4,0.478,15.9,3,1,0,1
TXN-00422,30.5,6,0.199,14.5,1,0,0,0
TXN-00423,44.8,11,0.125,8.8,1,0,1,0
TXN-00424,186.97,12,0.242,2.4,4,0,1,1
TXN-00425,193.7,3,0.22,6.2,2,0,0,0
TXN-00426,178.87,22,0.493,0.1,2,0,1,0
TXN-00427,64.46,9,0.263,10.5,2,0,1,0
TXN-00428,352.12,9,0.096,20.6,1,0,0,1
TXN-00429,31.86,1,0.402,17.3,0,0,1,0
TXN-00430,43.46,21,0.291,37.7,3,0,1,0
TXN-00431,109.77,5,0.006,14.8,4,0,1,0
TXN-00432,71.85,23,0.255,5.2,3,0,1,0
TXN-00433,74.9,11,0.253,4.7,0,0,1,0
TXN-00434,24.26,20,0.534,23.5,1,0,1,0
TXN-00435,55.73,4,0.086,2.1,3,0,1,0
TXN-00436,32.27,3,0.173,1.9,0,0,1,0
TXN-00437,16.28,19,0.14,57.5,3,0,0,0
TXN-00438,35.7,19,0.066,12.1,2,0,0,0
TXN-00439,71.86,13,0.162,11.5,0,0,1,0
TXN-00440,97.56,0,0.299,18.3,5,0,0,0
TXN-00441,7.81,22,0.203,41.8,4,0,1,0
TXN-00442,57.78,9,0.459,32.5,0,0,1,0
TXN-00443,53.78,22,0.051,12.0,2,0,1,0
TXN-00444,69.13,20,0.386,23.9,2,0,1,0
TXN-00445,21.15,20,0.42,12.2,3,0,1,0
TXN-00446,21.57,16,0.141,40.6,3,0,1,0
TXN-00447,134.61,16,0.382,20.1,3,1,1,1
TXN-00448,28.21,12,0.169,16.7,2,0,1,0
TXN-00449,41.76,0,0.25,17.4,3,0,1,0
TXN-00450,45.35,9,0.349,2.4,3,1,1,0
TXN-00451,32.81,17,0.254,41.8,3,1,1,0
TXN-00452,82.76,19,0.079,54.5,2,0,1,0
TXN-00453,77.77,13,0.131,3.6,1,0,1,0
TXN-00454,51.92,17,0.187,0.9,4,0,0,0
TXN-00455,34.49,0,0.398,9.8,3,0,0,0
TXN-00456,48.73,11,0.091,8.7,2,0,0,0
TXN-00457,61.55,12,0.339,16.6,0,0,1,0
TXN-00458,30.53,21,0.508,3.8,3,0,1,0
TXN-00459,87.21,7,0.158,7.2,4,0,0,0
TXN-00460,115.29,5,0.018,12.6,1,0,1,0
TXN-00461,150.28,8,0.359,1.8,4,0,1,0
TXN-00462,144.17,4,0.148,3.7,1,0,1,1
TXN-00463,45.12,13,0.131,25.2,0,0,1,0
TXN-00464,63.89,15,0.493,2.1,6,0,1,1
TXN-00465,51.14,19,0.069,55.3,4,0,1,1
TXN-00466,51.0,23,0.038,19.7,2,0,1,0
TXN-00467,48.46,1,0.144,35.8,2,0,1,1
TXN-00468,58.61,5,0.608,3.5,4,0,1,0
TXN-00469,128.42,7,0.096,7.3,4,0,0,0
TXN-00470,73.47,5,0.282,30.1,0,0,1,0
TXN-00471,20.25,19,0.17,10.8,2,0,1,0
TXN-00472,111.97,3,0.241,72.7,3,0,1,0
TXN-00473,68.43,0,0.15,23.9,0,0,1,0
TXN-00474,83.44,20,0.115,80.8,4,0,0,1
TXN-00475,72.41,23,0.257,5.0,4,0,1,1
TXN-00476,74.86,5,0.11,49.1,2,0,1,0
TXN-00477,77.4,7,0.348,2.8,2,0,1,0
TXN-00478,9.97,12,0.101,32.3,1,0,1,0
TXN-00479,82.68,12,0.545,15.5,1,0,1,0
TXN-00480,31.71,23,0.261,0.5,3,1,0,0
TXN-00481,39.08,9,0.345,0.3,0,0,1,0
TXN-00482,58.25,0,0.248,22.5,3,1,0,1
TXN-00483,166.14,10,0.182,4.3,2,0,1,1
TXN-00484,23.75,13,0.142,3.7,1,0,1,0
TXN-00485,56.74,12,0.263,51.5,2,0,0,0
TXN-00486,47.52,12,0.177,2.7,5,0,1,0
TXN-00487,110.86,22,0.387,9.8,4,1,0,1
TXN-00488,46.47,19,0.357,6.3,4,0,1,0
TXN-00489,69.01,6,0.342,29.5,3,1,1,0
TXN-00490,23.82,8,0.336,37.1,2,0,1,0
TXN-00491,123.84,16,0.282,10.3,5,0,1,1
TXN-00492,14.88,9,0.169,24.4,1,1,0,0
TXN-00493,81.88,10,0.131,3.7,1,0,1,0
TXN-00494,69.33,4,0.141,43.0,5,1,1,0
TXN-00495,76.94,6,0.302,1.0,1,0,0,0
TXN-00496,15.11,17,0.074,32.6,2,0,1,0
TXN-00497,45.7,20,0.289,13.9,1,0,0,0
TXN-00498,107.17,18,0.063,15.2,1,0,0,0
TXN-00499,182.78,7,0.282,28.5,1,0,1,1
TXN-00500,53.51,3,0.223,5.2,3,0,1,0
TXN-00501,100.3,3,0.112,18.2,4,0,0,1
TXN-00502,64.44,9,0.062,13.2,3,0,1,0
TXN-00503,55.7,12,0.442,16.9,2,0,1,0
TXN-00504,41.54,21,0.228,9.1,3,0,0,0
TXN-00505,58.47,21,0.106,1.9,5,0,1,1
TXN-00506,94.15,0,0.449,39.7,1,0,0,1
TXN-00507,99.61,16,0.335,15.5,2,1,1,0
TXN-00508,18.44,7,0.312,8.3,3,0,0,0
TXN-00509,38.51,4,0.075,22.7,3,0,1,0
TXN-00510,22.71,13,0.111,4.1,2,0,1,0
TXN-00511,60.72,0,0.023,52.7,1,1,0,1
TXN-00512,44.4,8,0.092,1.9,3,0,1,1
TXN-00513,75.08,13,0.186,14.9,1,0,1,0
TXN-00514,78.88,6,0.222,54.6,1,0,0,0
TXN-00515,4.87,14,0.29,55.1,3,0,0,1
TXN-00516,58.12,11,0.105,5.2,3,0,0,0
TXN-00517,130.13,19,0.03,1.1,4,0,1,0
TXN-00518,38.52,4,0.08,9.8,0,0,1,0
TXN-00519,37.58,1,0.33,3.7,2,0,1,0
TXN-00520,115.2,12,0.405,10.9,2,0,1,0
TXN-00521,102.84,6,0.172,4.2,1,0,1,0
TXN-00522,24.95,16,0.162,0.6,3,0,1,0
TXN-00523,95.93,2,0.357,5.3,2,0,1,0
TXN-00524,30.22,13,0.197,57.1,2,0,1,0
TXN-00525,37.26,23,0.134,2.4,1,0,1,0
TXN-00526,24.93,2,0.335,5.9,3,0,1,0
TXN-00527,18.29,7,0.34,9.7,1,0,1,0
TXN-00528,63.43,20,0.177,23.2,0,1,0,0
TXN-00529,15.61,12,0.35,33.3,3,0,0,1
TXN-00530,65.37,4,0.113,15.3,1,0,1,0
TXN-00531,63.85,5,0.19,54.1,1,0,0,0
TXN-00532,51.66,18,0.243,4.2,2,0,0,0
TXN-00533,40.04,20,0.098,36.6,3,0,1,1
TXN-00534,33.79,8,0.12,11.0,0,0,1,1
TXN-00535,22.07,11,0.142,24.2,2,0,1,0
TXN-00536,151.03,18,0.259,2.3,0,0,1,0
TXN-00537,49.88,4,0.411,14.6,2,0,1,0
TXN-00538,48.57,4,0.413,19.1,3,0,1,0
TXN-00539,26.04,18,0.343,27.3,3,0,0,1
TXN-00540,140.53,4,0.131,96.7,0,0,1,0
TXN-00541,35.64,18,0.508,47.7,3,0,1,0
TXN-00542,70.05,11,0.023,11.3,3,0,0,1
TXN-00543,80.14,23,0.332,7.3,4,0,0,0
TXN-00544,63.47,0,0.303,8.9,2,0,0,0
TXN-00545,15.22,22,0.052,65.0,2,0,0,0
TXN-00546,93.11,5,0.171,4.3,0,0,0,0
TXN-00547,35.33,0,0.229,73.7,3,0,1,1
TXN-00548,102.13,17,0.074,24.3,3,0,0,0
TXN-00549,55.35,12,0.211,8.2,1,0,1,0
TXN-00550,83.65,20,0.085,39.1,2,0,1,0
TXN-00551,134.37,2,0.217,6.9,4,0,1,0
TXN-00552,90.71,1,0.239,23.3,3,0,1,0
TXN-00553,85.11,13,0.051,10.3,1,0,1,0
TXN-00554,96.07,21,0.189,13.3,4,0,1,0
TXN-00555,29.29,9,0.309,25.5,1,0,1,0
TXN-00556,105.13,19,0.025,19.2,0,0,1,0
TXN-00557,46.9,21,0.271,0.4,1,0,1,0
TXN-00558,48.13,20,0.279,8.9,2,0,0,0
TXN-00559,61.98,12,0.495,12.2,0,0,1,0
TXN-00560,43.48,16,0.257,3.7,1,0,1,0
TXN-00561,24.09,12,0.092,19.2,6,0,1,0
TXN-00562,58.47,16,0.233,10.2,4,0,0,0
TXN-00563,48.31,13,0.248,23.4,3,0,1,0
TXN-00564,46.96,12,0.359,0.1,1,0,1,0
TXN-00565,54.0,10,0.403,52.8,4,0,1,0
TXN-00566,5.62,15,0.233,5.8,3,0,0,1
TXN-00567,47.24,18,0.166,9.4,0,0,0,0
TXN-00568,145.69,22,0.235,10.0,4,1,0,1
TXN-00569,138.07,14,0.162,5.6,7,0,0,1
TXN-00570,60.03,2,0.247,10.0,1,0,1,0
TXN-00571,58.51,14,0.078,10.8,6,0,1,0
TXN-00572,3.76,7,0.316,0.1,2,0,1,0
TXN-00573,37.07,0,0.284,8.0,2,0,1,0
TXN-00574,95.4,1,0.236,0.7,1,0,0,0
TXN-00575,42.64,14,0.095,21.7,3,0,0,1
TXN-00576,118.36,22,0.083,19.4,4,0,1,0
TXN-00577,113.54,12,0.39,16.3,1,0,1,0
TXN-00578,36.46,10,0.48,12.6,1,0,1,0
TXN-00579,63.48,2,0.266,14.2,2,1,1,0
TXN-00580,153.41,16,0.503,40.6,1,0,1,1
TXN-00581,14.86,1,0.348,4.2,2,0,1,0
TXN-00582,43.41,20,0.112,15.9,4,0,1,1
TXN-00583,13.29,19,0.24,73.7,1,0,1,0
TXN-00584,27.44,23,0.174,10.8,4,0,1,0
TXN-00585,183.49,6,0.28,4.4,2,0,0,1
TXN-00586,43.4,3,0.216,8.0,3,0,1,0
TXN-00587,7.62,7,0.279,9.1,4,0,1,0
TXN-00588,23.86,19,0.312,9.8,4,0,1,0
TXN-00589,11.79,5,0.134,2.7,2,0,0,0
TXN-00590,65.31,21,0.201,13.0,5,0,1,0
TXN-00591,79.3,3,0.24,19.8,1,0,0,1
TXN-00592,106.1,1,0.316,2.1,4,0,1,0
TXN-00593,91.86,5,0.409,3.7,5,0,1,0
TXN-00594,15.63,18,0.096,8.1,4,1,1,0
TXN-00595,76.45,14,0.119,18.9,3,0,0,0
TXN-00596,52.19,8,0.109,4.2,2,0,0,0
TXN-00597,116.73,15,0.376,7.9,0,0,0,1
TXN-00598,99.22,15,0.27,29.3,2,0,0,0
TXN-00599,199.32,13,0.115,50.1,2,0,1,1
TXN-00600,25.68,12,0.217,6.4,2,0,1,0
TXN-00601,22.39,2,0.044,4.0,2,0,1,0
TXN-00602,39.01,6,0.061,7.3,1,0,1,0
TXN-00603,53.83,12,0.075,18.5,2,0,1,0
TXN-00604,32.86,3,0.349,1.6,3,0,0,1
TXN-00605,26.93,11,0.329,0.6,3,0,0,0
TXN-00606,72.84,2,0.126,71.8,0,0,0,0
TXN-00607,38.91,18,0.143,1.0,1,0,1,0
TXN-00608,31.67,2,0.088,16.6,3,0,0,1
TXN-00609,15.59,2,0.082,34.2,4,0,0,0
TXN-00610,4.29,15,0.121,8.8,3,0,0,0
TXN-00611,141.02,5,0.242,0.3,2,0,1,1
TXN-00612,138.24,8,0.216,20.8,1,0,1,0
TXN-00613,101.32,7,0.031,2.3,1,0,0,0
TXN-00614,85.36,5,0.104,3.1,2,0,0,0
TXN-00615,35.96,18,0.234,13.1,3,0,1,0
TXN-00616,87.84,16,0.241,13.3,3,0,1,0
TXN-00617,20.89,5,0.125,56.9,2,0,1,0
TXN-00618,62.33,16,0.277,1.1,3,0,1,1
TXN-00619,29.35,17,0.141,9.1,2,0,0,0
TXN-00620,88.1,12,0.305,49.9,3,0,1,1
TXN-00621,160.3,13,0.266,2.0,2,0,1,0
TXN-00622,23.78,22,0.158,29.8,1,0,1,0
TXN-00623,37.48,10,0.556,2.5,2,0,1,0
TXN-00624,61.46,9,0.181,11.2,3,0,1,0
TXN-00625,8.85,12,0.356,19.4,3,0,1,0
TXN-00626,12.43,20,0.337,4.8,1,0,1,0
TXN-00627,157.21,17,0.083,4.2,1,1,0,1
TXN-00628,73.07,1,0.133,13.3,1,0,0,0
TXN-00629,34.29,11,0.395,6.1,0,0,0,0
TXN-00630,56.61,17,0.148,30.9,0,0,1,0
TXN-00631,39.14,5,0.256,20.1,0,1,0,0
TXN-00632,62.85,23,0.117,0.3,1,0,1,0
TXN-00633,40.37,19,0.276,5.1,1,0,1,0
TXN-00634,53.27,20,0.121,7.8,2,1,1,0
TXN-00635,93.65,1,0.32,4.1,3,1,1,0
TXN-00636,89.47,13,0.263,32.3,2,0,1,0
TXN-00637,151.39,12,0.283,52.6,3,0,0,0
TXN-00638,76.87,15,0.398,2.2,3,0,0,0
TXN-00639,59.4,20,0.253,7.2,5,0,1,0
TXN-00640,166.43,8,0.166,1.8,3,0,1,1
TXN-00641,49.03,12,0.08,3.4,0,0,0,0
TXN-00642,4.95,16,0.322,36.1,2,0,1,0
TXN-00643,102.19,18,0.39,5.2,3,0,1,1
TXN-00644,70.4,18,0.474,20.7,2,0,0,0
TXN-00645,57.29,8,0.316,8.7,4,0,1,0
TXN-00646,104.06,23,0.093,41.1,1,0,0,0
TXN-00647,40.66,0,0.455,2.2,0,0,1,0
TXN-00648,5.32,11,0.144,6.2,1,0,0,0
TXN-00649,105.48,14,0.157,11.4,1,0,1,1
TXN-00650,33.26,1,0.274,6.4,0,0,0,0
TXN-00651,24.68,10,0.146,17.3,1,1,1,0
TXN-00652,5.75,14,0.289,4.8,2,0,0,0
TXN-00653,99.46,14,0.162,26.0,3,0,0,1
TXN-00654,2.71,2,0.385,5.0,1,0,1,0
TXN-00655,133.66,6,0.31,55.3,3,0,1,1
TXN-00656,44.0,5,0.099,24.2,2,0,1,0
TXN-00657,102.76,15,0.328,19.2,1,0,1,0
TXN-00658,78.56,7,0.191,6.3,1,0,1,0
TXN-00659,186.86,13,0.497,0.9,3,0,1,0
TXN-00660,77.03,17,0.174,9.2,1,0,1,0
TXN-00661,130.35,19,0.278,5.4,4,0,0,0
TXN-00662,36.49,4,0.214,0.6,1,0,1,0
TXN-00663,12.38,21,0.101,17.6,1,0,1,0
TXN-00664,113.88,3,0.201,29.1,3,0,1,1
TXN-00665,11.97,0,0.274,7.1,1,0,1,0
TXN-00666,98.7,1,0.179,0.9,1,0,1,0
TXN-00667,22.0,4,0.123,0.5,2,0,0,0
TXN-00668,71.41,20,0.291,73.9,1,0,1,1
TXN-00669,189.15,4,0.135,45.7,0,0,1,1
TXN-00670,93.4,16,0.282,2.9,1,0,1,0
TXN-00671,49.2,10,0.269,22.1,1,0,1,0
TXN-00672,79.88,0,0.217,5.5,3,0,0,0
TXN-00673,37.62,10,0.352,0.3,0,0,1,0
TXN-00674,237.32,0,0.468,12.5,1,0,1,0
TXN-00675,31.11,11,0.267,6.0,1,0,1,0
TXN-00676,53.54,13,0.143,4.2,1,0,1,0
TXN-00677,87.61,12,0.368,7.8,2,0,1,0
TXN-00678,75.76,6,0.32,3.8,0,0,1,0
TXN-00679,82.03,18,0.284,3.9,1,0,0,1
TXN-00680,38.29,14,0.054,4.2,0,0,1,0
TXN-00681,47.59,6,0.324,1.9,1,0,1,0
TXN-00682,110.3,10,0.193,0.6,0,0,0,1
TXN-00683,106.59,2,0.028,9.6,2,0,1,0
TXN-00684,77.08,22,0.013,19.0,4,1,1,1
TXN-00685,141.32,18,0.138,0.5,2,0,0,0
TXN-00686,113.32,6,0.029,19.3,1,0,0,0
TXN-00687,104.39,16,0.239,11.1,5,0,0,1
TXN-00688,11.71,16,0.048,0.0,6,0,0,0
TXN-00689,76.4,14,0.182,2.1,1,0,1,0
TXN-00690,66.72,1,0.141,3.0,1,0,0,0
TXN-00691,153.47,21,0.123,3.8,2,0,1,1
TXN-00692,51.21,22,0.148,13.6,0,0,1,0
TXN-00693,62.69,23,0.148,3.6,1,0,0,1
TXN-00694,21.72,23,0.365,7.5,0,1,0,0
TXN-00695,25.97,22,0.52,46.0,2,0,0,0
TXN-00696,153.79,17,0.401,80.5,3,0,1,1
TXN-00697,81.81,1,0.079,13.0,2,0,0,0
TXN-00698,189.43,11,0.332,4.0,5,0,1,1
TXN-00699,50.47,5,0.391,4.4,0,0,0,0
TXN-00700,15.01,5,0.045,8.9,0,0,1,0
TXN-00701,44.88,19,0.134,8.5,1,0,1,0
TXN-00702,38.82,19,0.318,4.8,1,0,0,0
TXN-00703,95.69,12,0.117,39.6,1,0,1,0
TXN-00704,93.02,17,0.4,10.6,1,0,1,0
TXN-00705,84.73,3,0.28,11.0,3,0,0,0
TXN-00706,228.22,5,0.286,67.8,2,0,1,1
TXN-00707,135.87,20,0.393,17.4,1,0,1,1
TXN-00708,27.68,10,0.363,32.4,1,0,1,1
TXN-00709,115.87,13,0.078,10.6,1,0,1,0
TXN-00710,59.61,11,0.134,40.2,2,0,1,0
TXN-00711,49.37,4,0.235,4.8,3,0,1,0
TXN-00712,147.31,19,0.129,0.2,2,0,1,0
TXN-00713,26.08,18,0.282,30.0,3,0,1,0
TXN-00714,110.64,16,0.282,5.3,1,0,1,0
TXN-00715,98.92,8,0.082,16.5,1,0,1,1
TXN-00716,25.62,15,0.26,12.6,0,0,1,0
TXN-00717,11.25,22,0.106,2.6,3,0,0,0
TXN-00718,54.64,15,0.144,4.8,1,0,1,0
TXN-00719,125.05,11,0.247,59.7,2,0,1,1
TXN-00720,76.19,6,0.33,55.7,1,0,1,0
TXN-00721,150.48,12,0.094,12.4,1,0,1,1
TXN-00722,72.44,8,0.355,6.1,1,0,0,0
TXN-00723,157.18,14,0.274,19.4,3,0,1,0
TXN-00724,35.42,1,0.256,33.8,3,0,1,1
TXN-00725,84.54,4,0.171,53.3,3,0,0,1
TXN-00726,42.23,18,0.252,4.3,1,0,1,0
TXN-00727,53.32,9,0.108,5.1,2,0,0,0
TXN-00728,62.53,10,0.166,1.5,1,0,1,0
TXN-00729,76.01,13,0.366,0.4,1,0,1,0
TXN-00730,31.34,10,0.264,6.2,5,0,0,1
TXN-00731,81.67,18,0.277,1.5,3,0,1,0
TXN-00732,60.17,5,0.676,20.7,1,0,1,0
TXN-00733,15.93,18,0.156,7.6,0,0,0,0
TXN-00734,9.37,5,0.288,4.3,2,0,1,0
TXN-00735,125.36,8,0.076,15.3,0,0,0,0
TXN-00736,51.28,14,0.404,15.4,1,0,1,0
TXN-00737,14.16,21,0.205,5.6,0,0,1,0
TXN-00738,174.35,5,0.236,18.1,4,0,0,0
TXN-00739,87.67,14,0.039,51.8,3,0,1,0
TXN-00740,74.55,1,0.172,38.4,1,0,1,0
TXN-00741,28.87,1,0.093,1.4,0,0,0,0
TXN-00742,15.69,18,0.535,8.0,1,0,1,0
TXN-00743,66.79,17,0.189,24.3,3,0,1,0
TXN-00744,57.31,9,0.118,32.9,3,0,0,0
TXN-00745,22.07,14,0.184,5.4,1,0,1,0
TXN-00746,21.32,9,0.124,31.4,1,1,1,0
TXN-00747,20.27,6,0.012,14.7,1,0,0,0
TXN-00748,19.58,10,0.429,39.0,3,0,1,0
TXN-00749,34.42,7,0.309,15.0,3,0,0,0
TXN-00750,74.57,19,0.215,39.7,3,0,0,0
TXN-00751,83.89,9,0.177,2.9,0,1,1,0
TXN-00752,56.41,7,0.099,65.9,0,0,1,0
TXN-00753,64.52,12,0.035,1.1,0,0,0,0
TXN-00754,86.77,18,0.074,28.4,0,0,0,0
TXN-00755,6.62,6,0.35,2.0,1,0,1,0
TXN-00756,68.36,22,0.282,43.0,4,0,1,0
TXN-00757,139.97,11,0.164,2.0,2,0,1,0
TXN-00758,50.23,15,0.162,17.2,4,1,0,0
TXN-00759,121.92,22,0.181,12.2,0,1,0,0
TXN-00760,50.97,10,0.056,4.6,0,0,0,0
TXN-00761,90.91,4,0.05,37.5,1,0,1,0
TXN-00762,73.46,17,0.254,11.7,1,1,0,0
TXN-00763,19.94,0,0.181,16.9,3,0,1,0
TXN-00764,24.83,10,0.155,6.0,3,0,1,0
TXN-00765,157.18,23,0.149,50.0,2,0,1,0
TXN-00766,105.11,9,0.132,18.8,2,0,1,0
TXN-00767,53.72,16,0.131,10.0,2,0,1,0
TXN-00768,48.28,12,0.391,18.8,1,0,1,1
TXN-00769,29.05,5,0.065,23.8,2,0,1,0
TXN-00770,78.09,7,0.116,4.2,2,0,0,0
TXN-00771,31.34,12,0.555,27.5,1,0,1,0
TXN-00772,43.33,2,0.338,4.1,2,0,1,0
TXN-00773,34.3,9,0.187,18.6,4,0,1,0
TXN-00774,100.6,9,0.252,4.0,0,0,1,0
TXN-00775,51.99,20,0.197,3.8,1,0,1,0
TXN-00776,64.89,2,0.361,13.5,1,0,1,0
TXN-00777,20.34,20,0.122,6.1,1,1,1,0
TXN-00778,34.09,9,0.113,0.5,2,0,1,0
TXN-00779,65.97,15,0.159,29.3,2,0,0,0
TXN-00780,11.99,13,0.376,84.8,3,0,1,0
TXN-00781,48.95,7,0.078,22.7,1,0,0,0
TXN-00782,57.75,22,0.35,48.7,2,1,1,1
TXN-00783,17.86,5,0.215,24.9,2,0,0,0
TXN-00784,118.26,0,0.139,87.6,5,0,1,0
TXN-00785,75.39,18,0.396,10.4,1,0,1,0
TXN-00786,51.69,14,0.111,13.9,3,0,1,0
TXN-00787,31.98,21,0.376,8.5,5,0,1,0
TXN-00788,11.47,10,0.292,62.8,0,0,0,0
TXN-00789,112.14,0,0.192,12.7,1,0,1,0
TXN-00790,40.08,0,0.614,41.1,4,1,1,1
TXN-00791,15.0,10,0.081,2.1,4,0,0,0
TXN-00792,31.19,5,0.13,5.7,0,0,0,0
TXN-00793,81.26,22,0.293,16.0,1,0,1,0
TXN-00794,69.79,2,0.406,7.9,3,0,1,0
TXN-00795,22.17,21,0.506,5.9,1,0,0,0
TXN-00796,125.94,5,0.379,8.8,2,0,0,0
TXN-00797,14.79,2,0.315,4.2,1,0,0,0
TXN-00798,143.73,6,0.445,34.1,2,0,0,1
TXN-00799,67.61,3,0.055,6.8,0,0,1,0
TXN-00800,42.65,9,0.112,18.4,2,0,1,0
TXN-00801,47.66,7,0.072,2.9,0,0,1,0
TXN-00802,61.96,12,0.222,31.6,0,0,1,0
TXN-00803,85.83,12,0.304,6.1,1,0,0,0
TXN-00804,9.25,0,0.093,8.9,2,0,1,0
TXN-00805,30.29,2,0.301,31.5,1,0,1,0
TXN-00806,60.46,3,0.217,4.9,1,0,1,0
TXN-00807,129.2,4,0.201,32.9,2,0,1,0
TXN-00808,125.89,2,0.242,5.8,3,0,1,0
TXN-00809,163.75,7,0.208,7.8,4,0,1,0
TXN-00810,121.85,13,0.191,40.7,1,0,0,1
TXN-00811,28.27,7,0.061,2.5,4,0,1,0
TXN-00812,57.57,7,0.088,8.4,2,1,1,0
TXN-00813,122.34,11,0.059,7.7,3,0,1,0
TXN-00814,114.33,13,0.123,18.6,2,0,1,0
TXN-00815,49.6,7,0.324,14.4,3,0,0,0
TXN-00816,84.14,5,0.102,14.5,1,0,1,0
TXN-00817,39.89,9,0.159,17.1,2,0,0,0
TXN-00818,13.55,0,0.261,21.7,2,0,1,0
TXN-00819,53.11,11,0.212,64.3,1,0,1,0
TXN-00820,50.63,22,0.147,28.1,3,0,1,0
TXN-00821,38.31,9,0.284,6.7,3,0,0,0
TXN-00822,86.08,2,0.26,4.1,3,1,0,0
TXN-00823,48.29,16,0.358,10.9,1,0,1,0
TXN-00824,77.71,3,0.132,18.2,3,0,1,1
TXN-00825,99.32,4,0.129,22.4,5,0,1,0
TXN-00826,246.31,3,0.22,12.1,2,0,1,1
TXN-00827,53.82,21,0.126,13.0,2,0,1,1
TXN-00828,130.42,23,0.025,9.0,1,1,0,0
TXN-00829,69.05,13,0.268,8.1,5,0,1,1
TXN-00830,72.02,14,0.441,18.8,2,0,0,1
TXN-00831,54.39,15,0.166,9.3,0,0,0,0
TXN-00832,64.65,14,0.196,12.8,2,0,1,1
TXN-00833,48.65,13,0.136,35.4,3,0,1,0
TXN-00834,115.37,23,0.416,57.1,0,0,0,1
TXN-00835,31.29,17,0.041,0.3,3,0,1,0
TXN-00836,13.41,2,0.39,14.7,3,0,1,0
TXN-00837,37.25,9,0.37,5.9,2,1,0,0
TXN-00838,33.95,23,0.204,21.2,0,0,1,0
TXN-00839,37.23,9,0.14,1.2,0,0,0,0
TXN-00840,52.17,4,0.338,15.0,3,0,1,1
TXN-00841,37.35,20,0.323,3.7,3,0,1,0
TXN-00842,51.6,14,0.228,14.5,5,0,1,0
TXN-00843,37.45,13,0.054,1.1,3,0,1,0
TXN-00844,78.9,10,0.469,9.9,2,0,1,0
TXN-00845,244.86,2,0.178,0.8,1,0,1,0
TXN-00846,68.03,9,0.257,12.0,2,0,1,0
TXN-00847,38.76,10,0.04,44.7,5,0,1,0
TXN-00848,3.72,22,0.046,4.4,2,0,1,0
TXN-00849,193.48,7,0.061,5.2,1,0,1,1
TXN-00850,70.88,3,0.259,20.5,2,0,1,0
TXN-00851,51.23,10,0.383,42.3,2,0,1,0
TXN-00852,4.09,23,0.047,20.7,1,0,1,0
TXN-00853,53.37,11,0.21,27.3,2,0,1,0
TXN-00854,64.24,9,0.415,1.0,1,0,1,0
TXN-00855,37.57,16,0.03,8.4,0,0,1,0
TXN-00856,16.35,15,0.455,5.7,1,0,0,0
TXN-00857,15.23,7,0.145,0.6,1,0,1,0
TXN-00858,195.5,23,0.455,26.2,4,0,1,1
TXN-00859,62.86,14,0.158,24.4,3,0,0,0
TXN-00860,37.54,1,0.26,1.1,3,0,1,1
TXN-00861,60.05,9,0.199,49.3,3,1,1,1
TXN-00862,56.95,22,0.127,6.5,1,0,1,0
TXN-00863,14.43,9,0.114,20.3,4,0,1,0
TXN-00864,110.19,13,0.163,15.1,3,0,1,0
TXN-00865,50.18,14,0.243,21.8,6,0,1,0
TXN-00866,63.51,16,0.398,1.6,2,0,1,0
TXN-00867,153.79,20,0.171,15.7,2,1,1,0
TXN-00868,16.87,3,0.472,7.3,3,0,1,0
TXN-00869,29.87,12,0.378,1.3,1,0,1,0
TXN-00870,73.69,12,0.231,2.8,1,0,1,1
TXN-00871,108.69,3,0.194,12.4,0,0,1,0
TXN-00872,34.6,16,0.292,10.2,1,1,1,0
TXN-00873,36.33,2,0.082,11.3,1,0,1,0
TXN-00874,91.61,10,0.081,6.4,4,0,1,0
TXN-00875,232.5,7,0.17,17.7,4,0,1,1
TXN-00876,61.57,3,0.187,1.3,3,1,0,0
TXN-00877,29.78,19,0.262,5.3,0,0,0,0
TXN-00878,22.42,5,0.158,18.2,0,0,1,0
TXN-00879,52.05,6,0.444,49.0,1,0,1,0
TXN-00880,105.26,20,0.069,10.0,2,1,1,0
TXN-00881,299.64,21,0.26,9.4,1,0,0,1
TXN-00882,45.38,0,0.173,3.6,6,0,1,0
TXN-00883,61.65,6,0.396,32.6,3,0,1,0
TXN-00884,174.37,17,0.504,11.8,1,0,0,1
TXN-00885,72.8,18,0.085,17.3,2,0,1,0
TXN-00886,68.38,23,0.04,4.0,3,0,0,0
TXN-00887,152.5,13,0.151,11.6,0,0,1,0
TXN-00888,62.75,0,0.218,5.2,5,0,1,1
TXN-00889,24.23,20,0.102,33.2,2,0,0,0
TXN-00890,132.09,3,0.147,10.0,1,0,1,0
TXN-00891,11.92,2,0.182,18.6,1,0,1,0
TXN-00892,117.3,16,0.39,24.0,2,0,0,0
TXN-00893,57.98,14,0.075,0.1,1,0,0,0
TXN-00894,45.77,1,0.121,8.4,1,0,1,0
TXN-00895,44.82,4,0.107,9.8,1,0,0,0
TXN-00896,51.9,14,0.23,18.3,2,0,1,1
TXN-00897,40.52,6,0.37,4.8,2,0,1,0
TXN-00898,80.7,16,0.199,8.4,6,0,0,0
TXN-00899,41.71,9,0.141,12.6,7,0,1,1
TXN-00900,58.31,14,0.068,15.6,2,0,0,0
TXN-00901,6.88,11,0.233,38.4,2,0,1,0
TXN-00902,58.01,8,0.15,9.5,4,0,1,0
TXN-00903,39.84,8,0.117,2.3,5,0,1,0
TXN-00904,111.44,16,0.151,31.8,3,0,1,1
TXN-00905,47.32,12,0.119,5.2,1,0,0,0
TXN-00906,100.45,14,0.101,34.1,1,0,1,0
TXN-00907,92.57,13,0.123,5.3,2,0,1,0
TXN-00908,94.38,4,0.143,0.4,2,0,1,0
TXN-00909,48.69,21,0.128,12.7,4,0,1,0
TXN-00910,60.97,13,0.319,50.4,2,0,1,0
TXN-00911,79.14,17,0.173,9.0,1,0,1,0
TXN-00912,62.4,21,0.073,3.7,1,0,1,0
TXN-00913,47.41,22,0.093,3.4,0,1,1,0
TXN-00914,26.37,16,0.109,31.3,2,0,1,0
TXN-00915,58.83,18,0.757,19.0,2,0,1,1
TXN-00916,13.46,11,0.138,9.7,2,0,1,0
TXN-00917,6.21,17,0.197,1.1,1,1,1,0
TXN-00918,20.99,7,0.04,15.4,1,0,1,0
TXN-00919,93.61,17,0.155,30.9,2,0,1,0
TXN-00920,69.42,2,0.407,1.4,1,0,1,0
TXN-00921,94.28,21,0.13,5.6,1,0,0,0
TXN-00922,32.32,5,0.423,15.5,0,0,1,1
TXN-00923,119.35,15,0.088,36.5,2,0,0,1
TXN-00924,15.24,0,0.184,82.7,3,0,1,1
TXN-00925,21.77,3,0.182,33.1,1,0,1,0
TXN-00926,117.92,23,0.109,17.2,0,0,0,1
TXN-00927,65.73,20,0.223,7.1,3,0,1,0
TXN-00928,94.68,5,0.302,5.2,1,0,1,0
TXN-00929,69.64,3,0.29,0.1,2,0,1,0
TXN-00930,36.45,19,0.46,10.0,3,1,1,1
TXN-00931,19.3,23,0.19,22.2,1,0,1,0
TXN-00932,8.58,4,0.363,9.5,1,0,0,0
TXN-00933,184.19,15,0.133,26.7,1,0,1,0
TXN-00934,11.39,6,0.498,44.2,3,0,1,0
TXN-00935,149.07,17,0.085,6.7,1,0,1,0
TXN-00936,63.04,10,0.292,12.9,1,0,1,0
TXN-00937,71.23,3,0.16,9.6,4,0,0,0
TXN-00938,67.83,7,0.114,7.1,1,0,1,0
TXN-00939,86.46,12,0.086,36.8,2,0,0,0
TXN-00940,29.62,19,0.343,8.7,3,0,1,0
TXN-00941,5.08,0,0.089,5.8,2,0,1,0
TXN-00942,35.8,22,0.389,61.1,2,0,1,0
TXN-00943,81.29,15,0.295,28.8,0,1,0,0
TXN-00944,21.98,21,0.178,0.8,3,0,1,0
TXN-00945,121.36,22,0.47,3.1,2,0,1,0
TXN-00946,52.65,3,0.287,1.3,0,0,0,0
TXN-00947,20.03,2,0.044,0.2,3,0,1,0
TXN-00948,65.25,18,0.241,161.3,3,0,1,0
TXN-00949,80.3,4,0.271,28.0,3,0,0,1
TXN-00950,84.53,3,0.15,14.5,1,0,1,0
TXN-00951,118.01,11,0.214,32.4,1,0,1,0
TXN-00952,14.0,21,0.275,9.6,2,0,1,0
TXN-00953,118.12,19,0.191,91.4,1,0,0,1
TXN-00954,125.66,12,0.131,9.4,4,0,1,0
TXN-00955,19.34,4,0.093,10.9,3,0,0,0
TXN-00956,23.39,8,0.426,17.5,4,0,1,0
TXN-00957,98.08,16,0.165,40.9,0,0,1,0
TXN-00958,41.93,3,0.29,1.7,2,0,1,0
TXN-00959,138.47,12,0.165,12.9,1,0,0,0
TXN-00960,164.99,0,0.371,22.0,2,0,1,0
TXN-00961,20.01,7,0.177,0.7,0,1,1,0
TXN-00962,29.09,5,0.392,7.4,2,0,1,0
TXN-00963,62.72,16,0.226,17.4,2,0,0,1
TXN-00964,4.87,21,0.045,28.8,3,0,1,1
TXN-00965,8.91,3,0.126,47.1,1,0,1,0
TXN-00966,26.14,19,0.2,8.0,3,0,1,0
TXN-00967,203.5,15,0.212,28.6,2,0,1,0
TXN-00968,70.14,23,0.366,82.9,1,0,0,0
TXN-00969,33.49,21,0.342,30.4,1,0,1,0
TXN-00970,23.21,2,0.231,23.2,2,0,0,0
TXN-00971,19.12,17,0.147,1.7,4,0,0,0
TXN-00972,35.66,14,0.064,25.3,2,0,1,0
TXN-00973,33.92,2,0.116,0.2,3,0,0,0
TXN-00974,48.3,6,0.121,0.1,4,0,0,1
TXN-00975,83.11,22,0.133,25.5,2,1,0,1
TXN-00976,54.42,13,0.158,0.7,1,0,1,0
TXN-00977,102.23,8,0.089,5.8,2,0,1,0
TXN-00978,45.54,7,0.234,34.5,1,0,0,0
TXN-00979,173.48,20,0.051,0.8,4,0,1,1
TXN-00980,100.49,6,0.104,2.5,2,0,0,0
TXN-00981,68.71,3,0.177,14.2,1,0,1,0
TXN-00982,83.32,13,0.086,73.0,1,0,1,0
TXN-00983,36.5,23,0.059,20.4,1,0,0,0
TXN-00984,47.67,4,0.465,53.0,0,0,1,1
TXN-00985,46.19,6,0.232,51.5,2,0,1,1
TXN-00986,30.08,11,0.129,90.1,3,1,0,0
TXN-00987,15.93,4,0.342,35.7,3,0,0,0
TXN-00988,86.61,15,0.346,21.5,2,0,1,0
TXN-00989,113.72,6,0.195,2.8,4,0,0,0
TXN-00990,77.9,3,0.286,22.3,1,0,0,0
TXN-00991,54.29,6,0.111,14.7,1,0,0,0
TXN-00992,226.47,22,0.224,16.0,0,0,1,1
TXN-00993,33.12,22,0.323,15.2,1,0,1,0
TXN-00994,70.47,12,0.16,30.2,0,0,0,0
TXN-00995,125.19,9,0.459,37.6,1,0,0,0
TXN-00996,21.16,19,0.129,0.3,1,0,1,0
TXN-00997,91.42,4,0.15,8.4,2,0,1,1
TXN-00998,181.12,15,0.134,17.2,5,0,1,0
TXN-00999,57.87,16,0.159,29.7,1,0,0,0
TXN-01000,65.83,17,0.075,16.9,1,0,0,0
TXN-01001,33.3,5,0.207,61.9,1,0,1,0
TXN-01002,82.63,17,0.263,23.7,3,0,1,0
TXN-01003,29.42,14,0.145,4.9,3,0,1,0
TXN-01004,55.24,21,0.478,28.3,4,0,0,0
TXN-01005,13.9,4,0.259,18.7,1,0,1,0
TXN-01006,2.06,14,0.033,10.1,4,0,1,0
TXN-01007,39.29,19,0.193,2.6,1,0,1,0
TXN-01008,38.76,6,0.464,1.7,4,0,0,0
TXN-01009,42.17,17,0.102,3.4,2,0,1,0
TXN-01010,98.36,2,0.047,9.3,4,0,1,0
TXN-01011,115.94,17,0.455,20.9,3,0,1,1
TXN-01012,72.68,14,0.225,34.0,0,0,0,0
TXN-01013,93.53,4,0.281,3.1,1,0,1,0
TXN-01014,30.19,1,0.046,1.2,0,1,1,0
TXN-01015,23.95,17,0.252,5.7,2,0,1,0
TXN-01016,83.85,5,0.147,26.6,2,0,1,0
TXN-01017,20.88,11,0.192,2.6,2,0,0,0
TXN-01018,18.65,1,0.425,25.0,1,0,0,0
TXN-01019,306.13,23,0.144,24.6,1,0,1,1
TXN-01020,60.8,13,0.27,29.5,0,1,0,0
TXN-01021,38.78,22,0.232,6.9,1,0,1,0
TXN-01022,35.12,3,0.336,9.3,1,0,0,0
TXN-01023,14.34,4,0.092,17.2,1,0,1,0
TXN-01024,71.55,14,0.173,116.0,4,0,1,0
TXN-01025,45.45,14,0.046,7.7,0,1,0,0
TXN-01026,113.67,18,0.164,17.0,4,0,0,0
TXN-01027,85.75,22,0.207,49.5,3,0,0,0
TXN-01028,44.2,19,0.231,12.5,2,0,1,0
TXN-01029,6.84,3,0.138,11.5,4,0,0,0
TXN-01030,60.92,7,0.199,7.4,1,0,1,0
TXN-01031,56.79,21,0.336,16.4,1,0,1,1
TXN-01032,5.08,13,0.131,4.7,3,0,1,0
TXN-01033,78.74,20,0.071,11.3,3,0,1,0
TXN-01034,20.19,13,0.118,8.2,2,0,1,0
TXN-01035,117.8,1,0.244,27.5,2,0,0,0
TXN-01036,54.13,11,0.124,12.9,4,0,1,0
TXN-01037,34.27,19,0.215,5.7,1,0,1,0
TXN-01038,67.6,15,0.169,16.8,2,0,1,0
TXN-01039,64.5,3,0.339,11.3,1,0,0,1
TXN-01040,62.71,5,0.206,7.0,1,0,1,0
TXN-01041,107.19,20,0.288,1.9,2,0,0,1
TXN-01042,70.72,23,0.447,18.6,1,0,1,0
TXN-01043,31.66,18,0.092,39.6,1,0,1,0
TXN-01044,46.59,2,0.183,3.0,3,0,0,1
TXN-01045,147.29,14,0.226,8.0,1,0,1,0
TXN-01046,29.19,19,0.229,16.6,3,0,0,1
TXN-01047,77.81,15,0.195,2.7,2,0,1,0
TXN-01048,109.95,14,0.063,1.8,3,0,1,0
TXN-01049,83.36,11,0.137,0.6,1,0,1,0
TXN-01050,61.21,5,0.291,0.3,4,0,0,0
TXN-01051,68.6,6,0.085,1.2,1,0,1,0
TXN-01052,87.18,17,0.292,5.7,4,0,1,0
TXN-01053,28.88,1,0.251,23.9,1,0,1,0
TXN-01054,57.08,2,0.15,24.3,2,0,0,1
TXN-01055,225.62,9,0.203,11.9,0,0,0,1
TXN-01056,79.57,18,0.182,28.8,1,0,0,0
TXN-01057,62.87,15,0.243,12.6,0,0,1,0
TXN-01058,42.86,14,0.084,1.4,3,0,1,0
TXN-01059,29.17,12,0.224,9.2,2,0,0,0
TXN-01060,70.32,2,0.242,13.2,2,0,0,0
TXN-01061,73.97,7,0.23,10.4,3,0,0,0
TXN-01062,54.15,1,0.166,17.2,2,0,0,0
TXN-01063,285.67,18,0.207,5.5,0,0,0,0
TXN-01064,31.49,18,0.172,22.8,1,0,1,0
TXN-01065,25.26,6,0.397,21.7,1,0,1,0
TXN-01066,43.37,7,0.213,3.9,4,0,0,1
TXN-01067,55.51,7,0.216,37.2,3,0,1,1
TXN-01068,27.83,21,0.308,8.6,6,0,1,0
TXN-01069,69.07,11,0.119,31.1,2,0,1,1
TXN-01070,74.69,18,0.145,13.0,1,0,1,0
TXN-01071,94.61,10,0.177,1.4,1,0,0,0
TXN-01072,37.8,16,0.421,3.0,1,0,0,0
TXN-01073,139.09,12,0.231,51.0,1,0,1,1
TXN-01074,90.16,6,0.167,10.9,4,0,1,1
TXN-01075,30.93,21,0.137,24.1,1,0,1,1
TXN-01076,27.72,17,0.142,13.4,3,0,0,1
TXN-01077,45.81,18,0.101,7.0,0,0,1,0
TXN-01078,74.82,22,0.223,41.3,3,0,1,0
TXN-01079,82.88,5,0.196,8.2,1,0,1,0
TXN-01080,90.04,2,0.062,18.5,1,0,1,0
TXN-01081,216.25,13,0.429,2.7,4,0,1,1
TXN-01082,9.74,7,0.191,4.7,5,0,1,1
TXN-01083,53.0,10,0.348,61.1,2,0,1,0
TXN-01084,204.54,5,0.133,32.6,2,0,1,1
TXN-01085,97.68,9,0.283,60.1,0,0,1,1
TXN-01086,23.83,9,0.039,49.6,3,0,1,0
TXN-01087,66.51,8,0.289,23.2,1,0,1,0
TXN-01088,50.56,17,0.287,28.6,2,0,0,0
TXN-01089,49.14,14,0.127,42.0,0,0,1,0
TXN-01090,37.19,11,0.103,6.9,5,0,0,0
TXN-01091,62.53,2,0.182,4.3,2,1,1,0
TXN-01092,122.07,13,0.241,1.2,3,0,0,0
TXN-01093,40.05,4,0.135,16.2,2,0,1,0
TXN-01094,90.52,7,0.037,3.9,0,0,1,0
TXN-01095,101.83,9,0.13,12.8,1,0,1,0
TXN-01096,138.33,3,0.169,8.7,4,0,1,0
TXN-01097,27.29,9,0.195,19.2,1,0,1,0
TXN-01098,58.84,6,0.248,1.4,1,0,0,0
TXN-01099,33.64,20,0.318,19.7,2,0,1,0
TXN-01100,62.62,20,0.499,0.9,0,0,0,0
TXN-01101,62.31,0,0.202,7.0,4,0,1,0
TXN-01102,21.42,14,0.304,21.7,1,0,1,1
TXN-01103,65.42,15,0.089,4.0,4,0,0,0
TXN-01104,223.33,9,0.075,34.0,0,0,1,0
TXN-01105,83.11,11,0.351,52.8,1,0,1,0
TXN-01106,17.37,18,0.116,6.2,2,0,1,0
TXN-01107,25.76,9,0.317,19.7,1,0,0,0
TXN-01108,56.58,1,0.019,1.2,1,0,1,0
TXN-01109,26.32,8,0.396,43.3,1,0,1,0
TXN-01110,133.38,6,0.057,4.5,1,1,1,1
TXN-01111,15.3,9,0.365,52.7,2,0,1,0
TXN-01112,83.52,5,0.151,12.3,3,0,1,0
TXN-01113,12.07,3,0.288,3.8,2,0,1,1
TXN-01114,55.9,23,0.203,4.8,0,0,0,1
TXN-01115,22.91,3,0.2,48.5,4,0,1,0
TXN-01116,94.47,16,0.145,12.2,0,0,1,0
TXN-01117,118.62,17,0.272,32.4,2,0,0,1
TXN-01118,74.66,14,0.466,16.9,3,0,0,1
TXN-01119,122.35,21,0.317,27.1,0,1,1,0
TXN-01120,3.36,0,0.132,4.6,2,0,1,1
TXN-01121,64.8,7,0.271,12.5,1,0,1,0
TXN-01122,82.68,4,0.094,14.9,3,0,0,0
TXN-01123,90.37,13,0.104,10.9,3,0,1,0
TXN-01124,79.24,15,0.167,11.5,3,1,1,0
TXN-01125,91.76,21,0.157,46.7,2,0,1,0
TXN-01126,64.26,9,0.176,41.4,2,0,1,0
TXN-01127,17.54,5,0.229,16.5,1,0,1,0
TXN-01128,36.96,22,0.294,1.7,3,1,0,0
TXN-01129,133.84,16,0.217,4.1,0,0,1,0
TXN-01130,123.86,18,0.362,16.9,3,0,1,0
TXN-01131,81.6,10,0.495,1.9,4,0,0,0
TXN-01132,95.87,10,0.367,4.6,3,0,1,0
TXN-01133,114.13,9,0.256,11.2,3,0,1,0
TXN-01134,80.93,17,0.186,11.2,2,0,1,0
TXN-01135,131.3,5,0.434,11.4,4,0,0,1
TXN-01136,128.39,23,0.215,1.0,0,0,1,0
TXN-01137,268.87,4,0.275,3.1,1,0,0,0
TXN-01138,38.28,11,0.369,34.3,3,0,1,0
TXN-01139,38.87,7,0.147,9.1,7,0,1,0
TXN-01140,76.66,15,0.052,67.3,1,0,1,0
TXN-01141,196.76,16,0.227,2.5,4,0,1,1
TXN-01142,138.27,22,0.273,21.3,0,0,1,1
TXN-01143,104.21,18,0.198,7.7,1,0,0,0
TXN-01144,144.61,5,0.513,8.1,3,0,1,1
TXN-01145,83.74,4,0.204,41.8,2,0,1,0
TXN-01146,46.25,21,0.363,83.3,2,0,0,1
TXN-01147,228.74,11,0.235,40.9,1,0,1,1
TXN-01148,79.41,2,0.062,54.1,1,0,1,0
TXN-01149,126.51,19,0.056,21.5,1,0,1,0
TXN-01150,3.32,15,0.409,43.0,2,0,1,0
TXN-01151,4.54,0,0.225,1.6,3,0,0,0
TXN-01152,66.33,18,0.175,13.7,3,0,0,1
TXN-01153,26.33,14,0.216,12.8,1,1,1,1
TXN-01154,70.93,14,0.151,5.3,0,0,0,0
TXN-01155,38.82,20,0.344,5.9,3,0,1,0
TXN-01156,294.01,11,0.307,14.2,1,0,0,1
TXN-01157,119.77,11,0.146,0.8,2,0,0,0
TXN-01158,153.97,14,0.268,17.3,0,0,1,1
TXN-01159,6.04,4,0.39,1.4,2,1,1,0
TXN-01160,103.24,3,0.259,4.4,2,0,0,0
TXN-01161,50.72,20,0.061,14.3,1,0,1,0
TXN-01162,155.93,5,0.228,4.9,2,0,1,0
TXN-01163,93.0,12,0.14,77.6,1,0,1,0
TXN-01164,56.67,6,0.401,14.6,3,0,1,1
TXN-01165,19.5,5,0.409,16.9,5,1,1,0
TXN-01166,65.38,14,0.376,0.4,4,0,1,0
TXN-01167,131.81,19,0.205,49.4,2,0,0,0
TXN-01168,161.92,10,0.167,11.5,1,0,1,0
TXN-01169,43.82,3,0.457,4.3,2,0,1,0
TXN-01170,263.82,5,0.044,6.7,1,1,1,1
TXN-01171,124.94,3,0.132,32.4,1,0,1,0
TXN-01172,26.83,21,0.23,59.4,2,0,1,0
TXN-01173,21.39,7,0.303,13.8,1,0,1,0
TXN-01174,53.3,8,0.191,4.4,0,0,1,0
TXN-01175,43.73,1,0.225,2.8,1,0,1,0
TXN-01176,84.22,10,0.072,0.1,0,0,1,0
TXN-01177,60.28,21,0.182,9.4,5,0,1,1
TXN-01178,46.82,9,0.493,52.9,4,0,0,1
TXN-01179,12.87,15,0.419,22.8,4,0,1,0
TXN-01180,95.02,4,0.296,4.6,1,0,0,1
TXN-01181,11.65,3,0.089,16.5,1,0,1,0
TXN-01182,125.22,17,0.136,9.7,2,1,1,0
TXN-01183,7.02,1,0.124,12.2,2,1,1,0
TXN-01184,10.88,10,0.242,19.5,1,0,1,0
TXN-01185,26.72,7,0.142,3.4,3,0,1,1
TXN-01186,40.56,0,0.073,26.2,2,0,0,0
TXN-01187,33.8,12,0.217,64.2,3,0,0,1
TXN-01188,40.41,23,0.412,0.4,0,0,1,0
TXN-01189,71.98,1,0.082,21.4,0,1,0,0
TXN-01190,27.3,19,0.311,18.1,2,0,1,0
TXN-01191,72.48,12,0.229,1.7,2,0,1,0
TXN-01192,3.39,17,0.451,15.5,0,1,0,0
TXN-01193,26.36,2,0.076,6.9,1,0,1,0
TXN-01194,10.26,20,0.191,31.8,1,0,1,0
TXN-01195,124.23,0,0.429,27.2,2,0,1,1
TXN-01196,30.73,21,0.268,67.9,3,0,1,1
TXN-01197,90.84,15,0.229,15.1,4,0,1,0
TXN-01198,8.18,8,0.139,0.9,1,0,1,0
TXN-01199,160.13,0,0.468,0.9,1,0,1,0
TXN-01200,63.01,14,0.282,1.7,1,0,0,0
